Rank,Nickname,Kills,Deaths,Wins,Losses,Total,ELO,Tier
1,gukbab2,3220,1964,38,22,60,2104,Diamond 3
2,Monday_0907,2562,1508,36,16,52,2099,Platinum 1
3,Axaeny,2992,1750,35,29,64,1945,Platinum 2
4,sy5254,3283,2841,42,39,81,1895,Platinum 3
5,LYCORlS_Takina,1646,1202,22,14,36,1884,Platinum 3
6,jupertvjuper,1682,1575,22,17,39,1849,Platinum 3
7,mason1772mm,2300,1249,21,19,40,1810,Platinum 3
8,kesnnd,202,228,5,1,6,1760,Gold 1
9,Archyaki,1668,1069,16,18,34,1741,Gold 1
10,bond0822,234,182,5,2,7,1726,Gold 1
11,box_0927,725,435,10,5,15,1713,Gold 1
12,Ts0_6,220,342,7,3,10,1706,Gold 1
13,jmp6542,2059,1514,20,27,47,1665,Gold 2
14,Tachquay,113,70,3,0,3,1659,Gold 2
15,play0605,103,53,2,0,2,1646,Gold 2
16,TowerOfHell_3201,504,443,8,6,14,1645,Gold 2
17,haheaq,351,318,5,3,8,1640,Gold 2
18,NV_Sidereal,495,334,7,7,14,1634,Gold 2
19,kevincyo_0808,252,354,6,5,11,1618,Gold 2
20,Canoky_o,91,54,2,0,2,1616,Gold 2
21,qazx3eg_iazwfjmiagj,359,293,4,3,7,1614,Gold 2
22,PulsarFlux,60,53,2,0,2,1609,Gold 2
23,amejingfrog,48,56,2,0,2,1599,Gold 3
24,nasoilee5,69,152,3,2,5,1592,Gold 3
25,dot1com,235,209,3,2,5,1588,Gold 3
26,NSR_Scott,127,113,2,1,3,1587,Gold 3
27,Ichinose_AsunaS2,178,110,2,1,3,1587,Gold 3
28,deadant_leo,36,69,2,1,3,1580,Gold 3
29,RPT_RAMP,145,111,2,1,3,1580,Gold 3
30,sijrvs234,57,109,2,1,3,1574,Gold 3
31,Kazekura_M0e,100,105,2,1,3,1574,Gold 3
32,amyee2,47,29,1,0,1,1570,Gold 3
33,qazx1208,78,71,2,1,3,1570,Gold 3
34,chunk9_2,20,27,1,0,1,1563,Gold 3
35,Delicious_Onion,28,37,1,0,1,1563,Gold 3
36,LEGENDROBLOXKING9,39,31,1,0,1,1561,Gold 3
37,river091211070822,206,200,3,3,6,1549,Gold 3
38,Y_ee111,230,385,4,5,9,1549,Gold 3
39,0z139,30,27,1,0,1,1548,Gold 3
40,Rlasx_o,1024,1183,14,20,34,1547,Gold 3
41,dudu33881,143,85,2,2,4,1536,Gold 3
42,tony1_021,58,51,1,1,2,1534,Gold 3
43,Outpostk,153,163,2,2,4,1523,Gold 3
44,Eris_Nlx,48,69,1,1,2,1519,Gold 3
45,Eris_NIx,48,69,1,1,2,1519,Gold 3
46,sugolem,28,54,1,1,2,1514,Gold 3
47,35x_xxv,44,55,1,1,2,1514,Gold 3
48,Bluearchive_Arisu,496,611,9,12,21,1508,Gold 3
49,Sans_Muter,42,82,1,1,2,1508,Gold 3
50,suturben,55,79,1,1,2,1508,Gold 3
51,plmyo00,50,54,1,1,2,1504,Gold 3
52,KD_Izuna,145,179,2,2,4,1502,Gold 3
53,sophie_kiit1010,50,77,1,1,2,1498,Silver 1
54,Iluv_Garand,113,114,1,2,3,1473,Silver 1
55,Re_9LEAVER,135,165,2,3,5,1471,Silver 1
56,limmon0700,84,92,1,2,3,1471,Silver 1
57,coldetu,37,94,1,2,3,1464,Silver 1
58,ww12_qwer,4,26,0,1,1,1460,Silver 1
59,hanjo101,93,106,1,2,3,1453,Silver 1
60,Vir_Spica,94,105,1,2,3,1452,Silver 1
61,onxzor,49,39,0,1,1,1451,Silver 1
62,remiaos,42,71,1,2,3,1450,Silver 1
63,ytuuews,57,91,1,2,3,1448,Silver 1
64,Breadu_gold,559,689,6,11,17,1445,Silver 1
65,ahsb37,56,112,1,2,3,1445,Silver 1
66,andlecraft,54,86,1,2,3,1440,Silver 1
67,Toshi_Amemiya,87,65,1,2,3,1440,Silver 1
68,West_Six,25,47,0,1,1,1438,Silver 1
69,NoC_l,438,534,5,8,13,1421,Silver 1
70,river0912110708,138,141,1,3,4,1399,Silver 2
71,minjae65412,203,252,3,5,8,1392,Silver 2
72,Kapippalist,409,394,7,10,17,1386,Silver 2
73,S1_7sConfLit,183,202,3,5,8,1373,Silver 2
74,pailoder,51,68,0,2,2,1372,Silver 2
75,GLC_noname,82,98,1,3,4,1370,Silver 2
76,PizzaO_U,184,166,1,4,5,1365,Silver 2
77,ulchan,32,49,0,2,2,1364,Silver 2
78,NV_Hyun,311,286,3,6,9,1356,Silver 2
79,dasds745,154,105,0,3,3,1342,Silver 2
80,TOM245111,302,595,6,9,15,1332,Silver 2
81,sugamekorea,40,82,0,3,3,1289,Silver 3
82,NV_Grav,68,116,0,3,3,1285,Silver 3
83,Adu_na,467,550,4,9,13,1270,Silver 3
84,player_operlation,322,401,3,8,11,1215,Silver 3
85,Goyu92,218,282,1,6,7,1212,Silver 3
86,padosol,406,465,3,11,14,1204,Silver 3
87,qqpqqpqqqq,151,229,0,5,5,1145,Bronze 1
88,pp0403,105,188,0,6,6,1088,Bronze 2
